,member_id,name,member_title,member_posts
0,1,Александр Славрос,Crablord,7715
1,2,PhalNat,THE HATE BUS,1262
2,3,Blood and Iron,14/88 Bread on the Floor,490
3,4,Mierce,Multiracial Mierda,1719
4,5,Will to Power,A fox,459
5,7,Daddy Terror,2 Minutes Man,3138
6,8,Mr. Elegy,,166
7,9,Woman in Black,,995
8,11,Four Suited Jack,,689
9,12,Jamie M,,113
10,13,Ritz,,413
11,14,Mortimer,,880
12,16,Talleyrand,The Virgin Tally,2620
13,19,PhilippeLizard,,92
14,23,Purple Slime Geek,,261
15,25,Uljas,,89
16,28,IntegralCymru,,243
17,29,Ferret,Captain of the USS Faggot,304
18,35,American_Blackshirt,The Traitor,571
19,37,Figlio di Moros,,482
20,40,Ethno Nationalist,,265
21,43,Irisher,,123
22,44,Camil,,364
23,47,JackW,,24
24,49,Владимир_Борисов,The Big Bad Jew,2968
25,50,AgainstTheTideOfTime,,195
26,53,Tabor4ok,,1009
27,54,With Hate As My Sword,,615
28,56,Chadislav Thunderkokovich,,918
29,61,UltraNationalist,The Amazing Atheist,307
30,64,Havok,,392
31,65,TheMchap123,,420
32,67,État de Stase,,2461
33,68,Iron Will,,680
34,72,T-34-85Forthewin,,550
35,84,FascistCapitalist,Commie Pinko Scum,974
36,85,Blackshirt,,1010
37,89,Ben Barton,,56
38,91,NSP,,767
39,94,Frost Hammer,,66
40,100,Blutaar,Ziegpig Piggiefried,326
41,101,Elburzito,Oh hai Mark.,610
42,104,Домовој,,98
43,108,William,,459
44,114,Stork,,149
45,125,darkwood,,160
46,129,Nr.12,,105
47,130,Pro Patria Mori,,2350
48,131,Confederate,,389
49,132,Myrrysmies,why didn&#39;t you check it?,3756
50,140,SchwarzFrontUSA,,149
51,142,Judikar,,146
52,143,Kaiser,,124
53,146,Sir Barza,,302
54,150,Insurrectionist,,37
55,158,TotalitarianSocialist,a good goy,1022
56,160,Cricket,Mouthbreather,19
57,161,Loved I Not Honour More,,1181
58,163,Saturn,,3
59,164,Yorick,Ceci n'est pas un Breton,529
60,168,Growth of the Soil,,594
61,182,Vanguard,,107
62,188,Svitanok,Aryan Brotherhood of Sudan,388
63,197,Maϟϟ Extermination, &quot;Smithers&quot;,108
64,204,watcher,Not a member title,161
65,208,FasciNation,,146
66,209,KerryJewel,,1
67,240,Wulfsturm,,113
68,246,TheHobbit,,145
69,252,Buttercup,Autism,1
70,255,Volksgrenadier,Muh Odal-Autism,257
71,261,Omne Ensis Impera,A Fox,130
72,266,Max Renn,Techo-Autist,156
73,271,NatCap,Splitter of Oak,190
74,274,Palmer,,1170
75,279,Damnatio Memoriae,Autism Speaks,752
76,281,Mongo,,657
77,283,linkingdeath,,1049
78,287,De Hertog,,1124
79,288,Clive Bissel,The Name-Changer,3078
80,293,☧☧☧,*Custom Member Title*,694
81,298,Aristocrat,,151
82,304,Thunder&Steel,ХОЛОП ПОЗОРНЫЙ - Shameful Serf,78
83,315,Бронеизтребител,,358
84,317,Der Löwe,authentic aushwitz ash,619
85,323,parrott,,29
86,326,Spode,,74
87,329,kinumarch,,530
88,333,Malhard,Defeatist Shill,451
89,335,Black Sun,Autismus Sturmführer,189
90,336,SSNP Hawk,Easy Bake Anne Frank,211
91,337,FreeMarketFascist,,3
92,342,TheIronMarshal,,268
93,345,LynchAllNiggers,,2
94,346,Revolutionary Leftist,<3 Iron March's Beloved Trotscum,4
95,349,Anonymous,,0
96,353,SpookHunter,,638
97,361,Menefrego,,92
98,364,TheNewRepublic,I wonder if this is how Evola felt,143
99,368,Lord Haw Haw,,125
100,446,Turok,daddy's little fudge-packer,62
101,493,cissmash,Accomplice to Murder,1
102,495,Disciple of Order,,117
103,505,Axis Freedom Brigade,delta ^2000,166
104,563,Crimson_Fasces,Red Faggot,62
105,663,jotunn,,16
106,805,nodthenarb,,134
107,821,昭五式,"me rove u rong time, ass - five dorra",132
108,857,Cedric,,49
109,861,FigureofYouth,,135
110,862,Rule Britannia,,13
111,887,Cornelius,,147
112,958,Natt Danelaw,A Big Dane. For You.,182
113,991,Duckface,,134
114,1014,Totalitariana,Jappy Brat,33
115,1066,Cromwell,,279
116,1080,Ace High,,30
117,1109,Leonidas,,484
118,1176,Vlad Astrius,,16
119,1209,removeforeignelement,,346
120,1558,Spöket,Stormtubbie,4104
121,1772,Otakumilita,,211
122,1986,Commando,,430
123,2037,jnoyer,,218
124,2054,enviddero,,0
125,2075,EvilCatholicNaziGoy,Prophet of the Fuhrer's Return,682
126,2082,Brytenwalda,,483
127,2099,AvantiHungaria,,518
128,2144,Flashy_Integralist_Diggie,,127
129,2170,Zeiger,The Diplomat,475
130,2220,Kulturkampf,,948
131,2288,Solidarität,,136
132,2306,Sammy,Commissar of Finland,982
133,2319,Vicky Valkyrie,,35
134,2348,International Corporatist,,0
135,2392,gingertoast,,761
136,2457,Syke,,0
137,2750,Golgoth,,165
138,2820,ZHICA,,1144
139,2871,Antithesis762,2derp4u,42
140,3023,Сварг,,15
141,3143,staradder92,,95
142,3318,AntifaUnion,,23
143,3456,Omera,lifeless gothic faggot,3
144,3491,New Canadian Empire,Shorter than Invader Skoodge,546
145,3498,Citizens For Equality,,39
146,3657,NewSPQRome117,,4
147,3659,BritishNationalist19,,10
148,3721,suspiciouscelerystalk,,909
149,4151,RyanWreck,,217
150,4657,RevolutionsPerMinute,,3
151,4720,AmericanNationalist76,,50
152,4873,Rintrah,,1093
153,5359,Nova Prospekt,,184
154,5590,BrownFascist,Forum Kapo,82
155,5664,Extremist,,31
156,5779,InTheRight,Muslim Internet Defense Force,150
157,5899,dimaniac,ЯХТЫ БЛЕАДЪ - Muh Yachtism,29
158,6102,Philosopher King,Return of the DERP,53
159,6103,Lex Talionis,,8
160,6106,Phalanx,,177
161,6111,toxic378,,15
162,6113,Aquila,,2500
163,6114,Outsider,Dohvahkiin,5
164,6115,Steinkopf,,96
165,6117,Nowhere,Erik the Extra Chromosome,825
166,6118,jewbot,,0
167,6120,ThatRainyDay,,180
168,6121,Gaddafhiloyalist,Trotscum Failtroll,31
169,6122,Tenth Corporation,,388
170,6125,LeonBronstein,,2
171,6126,gefahr,,2
172,6130,George 99,,0
173,6131,Richard Winter,,0
174,6134,Leo,,104
175,6142,kittyyang,,0
176,6144,calvinist-fascist,,273
177,6150,werwolf14,Self-hating kike,19
178,6151,Tibbert,,230
179,6155,AlbaNuadh,Spoilerman Spergslayer,1103
180,6156,AmericanNativist,,42
181,6165,Brynhelde,Fedora'd gentleman,93
182,6168,Raycis,,1699
183,6180,ChucktheTruck,Prophet of Allah,15
184,6190,RagnarRedbeard,,85
185,6199,Knight,,23
186,6201,CalmRevo,,4
187,6207,Valhallan,,182
188,6208,In Hoc Signo Vinces,,139
189,6217,Ozymandias,Autismal House Negro,127
190,6218,Il Duce,"Science, Progress, and Fedoras",14
191,6235,emru' al-Qais,,175
192,6237,Sandgroper,,195
193,6239,4MyRace,,2
194,6240,Blood_of_Patriots,,1
195,6243,Cosra,,25
196,6246,Reecedude21,,0
197,6249,The Yank,Prankistani Islamist,382
198,6251,buyrite,,0
199,6254,SonofRoosevelt,,234
200,6258,schus04306,,4
201,6260,HaggiSS,,759
202,6269,Another American,,1087
203,6271,Drakoblare,,163
204,6272,anarchofascist,Neurodiverse Supremacist,9
205,6274,Joe,,229
206,6278,Torquemada,,1116
207,6279,mordred,,10
208,6297,goliath,,13
209,6302,Yunno,,16
210,6304,BlackGayJewIslamist,,1
211,6307,Trollmann,,1
212,6310,Evil Whiteman,,183
213,6321,Culius Jaeser,,741
214,6322,Асенов,Autismus Maximus,540
215,6359,Burgermeister,,953
216,6554,GenericDrone,,5
217,6712,kogun_ro,,53
218,6773,World Fascism,,3
219,6976,AuerbachNSN,,41
220,7325,Lord Crow,,5
221,7346,thecolonel,Subversive Racial Alien (Chink),804
222,7350,mononobe,,7
223,7364,Bandera,*tips his salo*,56
224,7405,Da One Good Injun,TACHHHHLTAN Pride World Wide!,290
225,7424,Bear,,1100
226,7428,Max Montana,,6
227,7461,turak,,7
228,7481,RadioFreeGB,RadioFree BetaFag Resistance Underground,546
229,7496,Social Nationalist,,147
230,7504,Arete,,762
231,7508,Blackhat 14,,704
232,7543,Hadit,,575
233,7567,LINVS,,32
234,7588,Haken_Kreuz,,34
235,7600,Odin,Resident Spongebob,1786
236,7602,Bosona Teuta,,34
237,7607,LIMONOV,Peniscopter Enthusiast,20
238,7635,michaelarchangel,,126
239,7636,Богатырь,,1269
240,7643,Silvershirt,,294
241,7705,FascistMX,Shitskins for Rabbi Yeshua,168
242,7716,Satanic fascist,,35
243,7719,Conquest,Shitposter General,670
244,7720,Renatus,"""Just doesn't get it""",76
245,7736,FascistWorld,Beaner Boomerang,14
246,7739,fenrir,,14
247,7744,NSAVPRESIDENT,,13
248,7745,jorgea,,0
249,7757,Carcamano,,321
250,7760,Torchbearer,,533
251,7776,Punisher_14_88,Zionist gagger,25
252,7816,kllш,,884
253,7846,Ukko_Helter_Skelter,,201
254,7851,Rockerz88,,11
255,7864,Vanguardian,,45
256,7866,Sax0n,,34
257,7875,Alternative Irishman,,52
258,7901,Emperor Romanov,,5
259,7903,FascistPirate,,309
260,7946,ClassicalThirdPositionist,,5
261,7962,Fascism=Fun,,563
262,7986,Ethiopian Monarchist,,341
263,8009,NorthumbrianWisa,,18
264,8018,PSG,,216
265,8026,Frontiersman,,80
266,8029,Patriot,,6
267,8052,Rose Rose,,37
268,8059,HenryDillman,,158
269,8064,Tlaloc,,42
270,8078,Duce Winter,,51
271,8099,Danneborger,,83
272,8102,Ignis,,207
273,8104,Volkgenosse,,1
274,8114,Carlista,,27
275,8117,ProperPolak,,510
276,8119,AryanStorm92,,50
277,8121,NS Bollocks,,16
278,8133,CassandraGemimi,,268
279,8140,Osterfeld,,12
280,8151,Heart of Iron,,105
281,8159,Venator,Voynich Decoder,59
282,8165,Snellman,I survived two gassings!,196
283,8192,Ka7,,267
284,8232,Raven,,685
285,8264,Bede,,48
286,8310,Commonwealth Futurist,,104
287,8314,American Irish Potato Mix,,2
288,8346,Quis Ut Deus?,,173
289,8358,Schattenjäger,,6
290,8454,Bil,,5
291,8494,xFLAMeHD_,,43
292,8816,PontifexMaximus,,270
293,9109,Queen,,26
294,9112,Sturmgeist,,799
295,9144,Neizbezhnost,The Ethnicity-Changer,1234
296,9149,Venezuelan Revolutionary,,849
297,9174,Atlas,,628
298,9176,Glanton,,220
299,9194,Lost Viking,The Old Autist,77
300,9206,Fashy Goy,,9
301,9210,Faszysta,,71
302,9211,Wind,,31
303,9217,Bucketoflemons,Lemons the absolute madman,709
304,9240,José Churruca,,251
305,9248,naturalselector,,6
306,9256,lastwhitecalifornian,,153
307,9267,Bolesnik,,335
308,9273,DerSilbereFuchs,,11
309,9288,Змајевит,Slowy The Penguin of Calendars,3783
310,9303,Cannon,,509
311,9304,TheWeissewolfe,Prankistani Islamist,793
312,9327,Aberfoyle,,10
313,9334,Свинск,,602
314,9335,AmericanFascist,,927
315,9349,helfak,,0
316,9353,Hyperborean,Apostle of Hitler Trismegistus,1337
317,9363,Goeth,,61
318,9373,KurdishFascist,,33
319,9384,Mexicanfascist,,62
320,9388,liebling,,28
321,9393,Blackshirt 13,Completely literal,1279
322,9408,Illyrioi,,125
323,9446,NotEqual,Racial Anomaly - Grand Wizard of Autism,1160
324,9457,MattyG08,,11
325,9458,Lunos,,16
326,9463,Cuteboy,Cruel facts!,17
327,9475,mengligiraykhan,,1429
328,9476,Xav,,235
329,9478,Sinimusta,,35
330,9481,B.Bitterburg,,60
331,9482,h8chanz,,162
332,9496,Danuvn,,212
333,9497,Rampant Red Fox,,41
334,9503,HermannTheGerman,The One Good Pagan,1306
335,9510,TheDrifter,,200
336,9512,TAPATOPycanoff,,54
337,9514,Defcon,,27
338,9519,Adnanite,,218
339,9521,Unity,,267
340,9531,Boots On the Ground,,169
341,9533,Sol Invictus,,11
342,9534,Anti-Gay,The Inferrinator,538
343,9535,Taranis,,54
344,9539,whitedevil,,3
345,9548,TheVermillionGale,,118
346,9549,Riftbolt,,236
347,9555,Babels,,146
348,9558,johny1,Nigger Jew Cunt,6
349,9567,DrMooMoo69,,18
350,9571,Moorish Fascist,Nazi Murderer,2950
351,9581,Valdemar,,37
352,9583,James Futurist,Software: Nihilist defeatism 2.0,233
353,9590,Mongrel,What would Reddit say?,47
354,9592,reignofkemer,,22
355,9599,NAFSPTeuful,,32
356,9606,TGV,,268
357,9609,patofliet,,10
358,9612,Anti-Chad,,23
359,9617,Aryan88,,24
360,9619,Deutsches_Vaterland,,69
361,9620,Akhnaton,,671
362,9621,Pho,,373
363,9622,Misanthrope,,651
364,9626,Lusitanian Nationalist,,608
365,9633,The Greater Son,,38
366,9636,COPROVORE,,107
367,9655,Prussian Glory,,108
368,9661,slavdong,,50
369,9666,Saint Aquinas,,68
370,9668,MOONLORD,Diaspora Chetnik,2669
371,9679,Vinokura,Змајевит's jester,1571
372,9690,GrandGiant,,242
373,9691,Sickness Unto Death,,6
374,9694,angry,,73
375,9697,Marshal Ironsides,,7
376,9698,EliasPrime,,106
377,9704,EvolaChan,,18
378,9705,Freikorps,,150
379,9720,...,,695
380,9727,fashygoy,,26
381,9728,GloriousWaffenSS,,178
382,9738,Fashlord88,,5
383,9742,Apollyon,,13
384,9748,jarhead,,1
385,9751,Spurdo Sparde,,9
386,9759,Chad Warden,,4
387,9769,Orion3003,,20
388,9780,Zeroangle,,27
389,9785,Chud,,25
390,9786,SIEGE Engine,,55
391,9787,PaleoConPrep,,7
392,9789,FashTurtleneck,,0
393,9792,Schwarzesonne,,199
394,9797,hcom,,30
395,9830,Yyg,,6
396,9847,Rover,,56
397,9849,Eternal Pride,,6
398,9851,Totenkopf,,7
399,9853,The Sethian Perspective,,22
400,9861,Svart,,249
401,9864,Vozhd,,63
402,9866,Combat88,Aryan,21
403,9872,Rostislav,,332
404,9876,Pelayo,,301
405,9879,mhoogkamer,,6
406,9884,Maukali,,3
407,9886,Sword of Tyr,,5
408,9889,Aegishjalmur,,4
409,9897,Kampf Before The Storm,Took Rohmism too literally,11
410,9905,Painted White Wall,,202
411,9910,Bloeder Igel,,36
412,9912,Hvit Varulv,"Smart dresser, very respectable",550
413,9916,Canadian StormTrooper,,235
414,9920,kehlsteinhaus,,72
415,9927,Victor Breivik,Trigger warning: hostility,21
416,9930,ItalianFascist,Flame of Italy,220
417,9931,Kay Kay Kay,,1092
418,9939,Jin-Roh,,14
419,9940,Redding,,125
420,9941,DagonGreyjoy,,18
421,9943,Starman,,111
422,9948,Stryker,SUNK SHIPS,104
423,9950,Schmiss,,778
424,9953,Apollo,,7
425,9956,Hagan,,3
426,9958,BlackNazi,,48
427,9960,Borovikov,,6
428,9965,DEAD,,13
429,9966,Gaius,,6
430,9976,Mage,We use these titles to shame people.,111
431,10083,Teliavelis,,132
432,10133,rekse_,,26
433,10257,Vandal Nationalist,,22
434,10300,Valincius,,10
435,10301,Slavic_Master_Race,,71
436,10319,NuclearCorpus,dindu infected brain,27
437,10328,EuroPea_077,Horthy Miklós katonája vagyok!,15
438,10459,Horst Wessel,,2
439,10460,Kikel Might,,17
440,10706,Overman,,277
441,10790,menefrego305,,11
442,10807,Muh Medieval Iceland,,61
443,10953,Zorost,,27
444,10995,Negromancer,,2
445,11235,MuhDiversityFam,,74
446,11355,Birch,,36
447,11482,Dullahan,,7
448,11582,Southron,,18
449,11588,RestoreAmericanNationalist,,113
450,11691,Totenkopfaffe Herr Nilsson,,307
451,11769,PleaseDontGoIMissYouSoMuch,,31
452,12519,Romulan,,156
453,12524,Capitoline,,640
454,12587,blackwill,,34
455,12659,Cyborg,,7
456,12787,Perkunas,,10
457,12803,ars.umbris,,6
458,12870,ImperatorAdeptus,,35
459,12871,the grand prICE wizard,,34
460,12979,Problem Glasses,,89
461,12999,Stribog,,264
462,13005,GG ALLIN,,328
463,13013,Blackhall,,86
464,13017,Elusive,,16
465,13023,Midwest_fascist,,10
466,13024,Úlfhédnar,,6
467,13029,Stealth_24,,36
468,13030,Skeleton Man,,194
469,13042,Kenau,,24
470,13049,Bos_Naz,LOOK AT ME MA! I'M F8IN DA NAZIS!,12
471,13058,folkpride,,5
472,13060,Specever,,2
473,13061,Doctor Mayhem,,43
474,13065,RetardedCartman,,5
475,13066,Ragnarök,,100
476,13067,ZurGaa,,19
477,13068,Phalanx22,,58
478,13070,Mahakala,,106
479,13075,Bombenhagel,,642
480,13077,Attila,,23
481,13082,Panzer Gringo,,3
482,13083,Invictus,,310
483,13097,SoleilNoir,,27
484,13103,Wehrwolf88,,12
485,13106,Solar Storm,,444
486,13110,Niezgoda,,488
487,13119,Agrippa,,80
488,13120,AlteredState,,23
489,13129,Naturom_Demonto,,3
490,13137,viralepisode,,40
491,13141,One God. One Law.,,176
492,13142,Hate-Particle Accelerator,,4
493,13144,jtlowe83,,34
494,13150,Wizard,,26
495,13154,merkit,,17
496,13160,NBU-Kevin,,6
497,13166,IronSaxon,,39
498,13167,Schwarzmarsch,,217
499,13168,totenkopf23,,30
500,13169,orthodoxslavaboo,,38
501,13174,Eagle,,14
502,13181,Dubya,,5
503,13182,LogicalApathy,,1
504,13188,SARIAH,,50
505,13189,Fashygoyberginstein,,29
506,13190,Jordan,,16
507,13193,Chap,,17
508,13194,evropa,,2
509,13196,Droog Life,,8
510,13200,Futurist,,14
511,13201,Kuniklo,,4
512,13202,OrderAbove,,21
513,13204,Barbaïra,,10
514,13205,Ojczyzna,,2
515,13215,Celtic88Hun,,20
516,13216,FascioMonarchico,,22
517,13224,Walnut Wings,,7
518,13225,LordOfTheEdge,,4
519,13227,Volksführer,,1
520,13232,Almogàver,,17
521,13234,Ghetto Tarzan,,4
522,13240,Oy_VEYYYYYYYYY,,4
523,13243,D. Generate,,15
524,13245,Invictvs,,2
525,13246,IronFalx,,211
526,13250,Vormulak,,34
527,13252,HyperboreanGuy,,3
528,13255,BuzzStomper,,5
529,13256,Lauburu88,,50
530,13257,Vasser,,42
531,13258,RighteousIndignation,,59
532,13259,Red Ensign,,36
533,13263,El_Cid,,38
534,13264,Paugers,,50
535,13266,TheGermanShepherd,,8
536,13274,Spodershibe,,18
537,13276,Malic,,10
538,13278,Marin V,,6
539,13286,DJ AXEL,,10
540,13289,Primavera,,161
541,13290,prussianblue,,4
542,13292,einherjar,,11
543,13294,Fashthetic,,8
544,13298,Kaci Mohand,,61
545,13301,Thulean,,30
546,13303,The Odd Fox,,20
547,13306,WhiteHeritor,,5
548,13307,Blood and Adventure,,196
549,13308,WolfMan,,72
550,13311,TrueRebellionWA,,19
551,13316,Generic User,,1
552,13317,TexasNationalist,,6
553,13321,Ghost,,24
554,13325,Praetorian,,2
555,13327,Saccadon,,15
556,13328,KENT,,77
557,13329,New Triumph,,18
558,13331,SpanischerKrieger,,5
559,13332,lord bueron,,9
560,13334,Kloran,,77
561,13337,TheCrisisOfTheModernWorld,,4
562,13338,Pokvareni Gad,,321
563,13342,Vasiszta,,851
564,13344,guerillamindset,,4
565,13346,Esoteric Jim Saleamist,,79
566,13347,Pipeman,,3
567,13350,FashVictim,,2
568,13352,Duceisill,,83
569,13353,Rape,,161
570,13354,DivisionWiking565,,58
571,13357,Chris,,123
572,13358,Stuka95,,1
573,13359,HunterSRabbit,,1
574,13361,dirlewanger,,2
575,13362,WhiteSoldier,,20
576,13366,Kimi,,83
577,13367,Victrix,,6
578,13368,Panzerleiter,,1
579,13369,Demetrius,,80
580,13371,marcosfgfs,,12
581,13372,Nostarius,,16
582,13375,BlackWolf88,,21
583,13376,Total War,,3
584,13378,BloodandHonor,,24
585,13379,Nazi,,10
586,13381,ahdeedas,,6
587,13389,talldarkandnationalist,,2
588,13390,gotzil,,7
589,13396,Josef Kramer,,9
590,13407,Nahkampf,,10
591,13413,Auggie Bo-Dizzle,,4
592,13414,mitt,,15
593,13416,Albert Macht Frei,,30
594,13417,Báleygr,,39
595,13418,Florian Geyer,,38
596,13424,Tuna,,24
597,13425,Fascism or Death,,7
598,13426,Saor,,90
599,13427,MightyHUWhitey,,14
600,13428,NeoSvensk,,12
601,13429,One Eye,,5
602,13431,GeneralFranco,,24
603,13434,belobog,,7
604,13436,Faust,,16
605,13437,Trenhelm,,115
606,13438,Glenn,,227
607,13439,HitNix1488,,18
608,13442,JacobTheGoy,,19
609,13445,GermanicDeathCult,,4
610,13446,Cosdin,,13
611,13447,Flame of Europa,,24
612,13448,Abraxas,,26
613,13452,Jimmy Marr,,2
614,13453,Werner Freitag,,28
615,13459,Shovemintheoven,,2
616,13461,FascistFascist,,18
617,13463,ginger hitler,,16
618,13465,McDago,,2
619,13467,WilhelmtheSaxon,,7
620,13470,Nyoka ya Mpembe,,6
621,13471,Storm88,,5
622,13484,Legate_Lanius,,7
623,13485,Odium,,1
624,13488,DDK,,164
625,13490,Kitty,,8
626,13493,NationalDarwinist,,6
627,13494,Australian Fascist,,5
628,13499,FascistHains,,7
629,13500,Hewlett,,45
630,13501,Wolfgeist,,3
631,13505,Augustus Lucius,,10
632,13509,DoubleDean,,13
633,13510,Endsieg,,286
634,13511,SonOfOdin,,22
635,13520,HastyWilliam,,16
636,13521,Fascist Polymath,,6
637,13523,ThePolishWolf,,11
638,13527,Sawilagaz,Sodomizer of the Weak,199
639,13528,OutlawKangaroo,,6
640,13530,EinNegerAufmFahrrad,,9
641,13532,The Whiteraven,,429
642,13539,LightningPatriot,,33
643,13540,Fletcher,,25
644,13543,RoudolphTheRevelator,,13
645,13551,Hman,,36
646,13553,Tasman,,9
647,13558,Ryan,,200
648,13559,Arditi,,11
649,13561,Victor,,17
650,13562,Spiess,,34
651,13567,transfacist,,5
652,13568,Randall Roark,,3
653,13570,Ruskig,,13
654,13574,DocSavage,,37
655,13575,Eisenhorn,,11
656,13580,Archelaus Hypatius,,13
657,13582,Steel,,246
658,13591,The Anglicizer,,44
659,13594,Kaiser Geist,,13
660,13595,Shatlak,,9
661,13597,ChutneyWilliams,,9
662,13600,Krieg,,22
663,13601,laelisius,,20
664,13616,CreativityForever,,29
665,13620,Dubiouslithuanian,,11
666,13626,Excellion IM,,29
667,13635,Happers,,20
668,13636,newthoughts,,2
669,13641,TeenageCavemaan,,21
670,13643,Aussie Dude,,30
671,13650,Fascist Rising,,8
672,13656,FascismWhen?,,6
673,13661,Black Israelite,,293
674,13662,Brotheryellow,,12
675,13664,What Jews?,,38
676,13669,Iowan,,17
677,13673,Pious XIII,,18
678,13676,sonofengland,,2
679,13679,Benjamin Martin,,35
680,13681,Celt,,898
681,13682,Ober,,39
682,13685,Grand Crusader Mikey,,19
683,13686,RegnumDei,,102
684,13688,RodzaevskyLivesForever,,28
685,13691,Darkstar,,7
686,13692,Antonio,,126
687,13695,HEROnymous Bot,,4
688,13698,Eternal Gael,,222
689,13701,Dionysus,,1
690,13702,slovenskapotica,,7
691,13703,RadicalTraditionalist,,3
692,13704,Dievas,,8
693,13705,germaniarising,,6
694,13709,Natcon,,2
695,13717,Bubbles,,11
696,13719,IDontFeartheCold,,3
697,13730,PJohnS,,4
698,13735,schönundweiß,,13
699,13737,Qaysar,Prankistani Islamist,40
700,13743,Eristopolese,,17
701,13757,Mustang19,,19
702,13760,UKxHIVE,,8
703,13761,FreeAmericanEmpire,,1
704,13765,Moral Patrician,,9
705,13769,English_Metalhead,,43
706,13770,WisconsinGoy1488,,4
707,13771,BloodEagle,,553
708,13772,Frobisher,,1
709,13780,Rapenik,,49
710,13781,UngernSternberg,,3
711,13783,Valfar,,3
712,13784,Scarecrow,,33
713,13788,Oberstein,,6
714,13789,sinan555,,4
715,13792,Fasces 14,,32
716,13798,Lepa9918,,13
717,13800,BibleBurner,,7
718,13801,Styr,,9
719,13805,Iron_Wolf,,4
720,13823,Jesse Only,,13
721,13825,Calhoun,,7
722,13826,Austral,,253
723,13827,Joachim Feuerstein,,15
724,13831,Massgrave,,74
725,13833,wideroad,,1
726,13834,Faustus,,25
727,13839,EdgyPseudoGermanName,,374
728,13842,NordBernd9588,,3
729,13850,Hitlerian Orator,,2
730,13852,Ragatokk,,24
731,13858,MatthewHeimbach,,22
732,13860,OMEGA WEAPON,,147
733,13861,The Captain,,19
734,13864,Beowulf1488,,3
735,13865,ImperialGrunt,,4
736,13876,Samson,,1
737,13877,ElCaudillo1527,,11
738,13878,cristo,,9
739,13879,John Smith,,19
740,13880,Подземникъ,,216
741,13881,NacionalistaAnonimo,,2
742,13889,Crom Cruach,,9
743,13891,Jason Augustus,,88
744,13892,Showakamikaze,,4
745,13893,LITOS *_*,,645
746,13894,TheFinalVictory,,1
747,13898,Mharú foiche,,78
748,13900,Red,,50
749,13901,Jason,,240
750,13909,Killbold,,1
751,13913,AryanHarlequin,,26
752,13914,Orthodoxxed,,4
753,13923,Octavius,,20
754,13924,Zai Nar,,3
755,13925,Bruce,,16
756,13931,BritishNationalist,,4
757,13932,Uzicko Kolo,,21
758,13937,Thurisaz,,7
759,13939,Hal,,6
760,13941,VISIONS_FROM_PATMOS,,24
761,13945,Conroy,,26
762,13946,Wolfsschanze,,110
763,13947,Totalitaryan,,9
764,13950,South,,35
765,13951,lugenpresse,,1
766,13955,Oberst Franz,,7
767,13956,Kurt,,9
768,13957,Westmarker,,2
769,13958,Family Man,,3
770,13964,Ulysses,,191
771,13966,Max_deadlift,,2
772,13976,Token Seppo,,5
773,13980,Deathotto6,,3
774,13982,Burzum,,3
775,13984,edelweiss,,1
776,13993,miserablist,,19
777,13995,Helios,,38
778,13996,HalArts,,21
779,14003,Clemson,,7
780,14004,Tiwaz7,,7
781,14008,Recruit Zed,,6
782,14011,Cruce Vincimus,,4
783,14018,youthknives,,320
784,14021,Cyn,,8
785,14028,the_Khimære,,72
786,14029,A Homestead In Weimerica,,8
787,14032,TheMajesticGrifo,,8
788,14038,Solrac Leinad,,7
789,14040,Zaxon,,106
790,14041,Солдат,,340
791,14044,Hagalaz,,53
792,14045,yex,,2
793,14046,JohnathanBaudelaire,,10
794,14048,SS116,,1
795,14049,Trijumf Volje,,8
796,14050,Cobber,,56
797,14051,Twardy,,2
798,14057,Righ,,3
799,14058,Rae,,5
800,14059,ABXYZ1378R,,2
801,14067,Krogg Rache,,3
802,14068,Therealian,,4
803,14069,Lt_Gonville_Bromhead,,3
804,14072,HP Jebcraft of California,,142
805,14073,Pacific North Reich,,5
806,14075,GoyishSupreme,,5
807,14077,Renaissance,,7
808,14082,FascistSocietyofCanada,,14
809,14092,DoubleDe1488,,10
810,14093,14Nefarious14,,25
811,14096,ned_kelly,,13
812,14097,Mandala Wunderwaffe,,17
813,14098,TheSecondEstate,,99
814,14099,xor,,3
815,14100,JoeSchmoe,,3
816,14102,NatSocAwakening,,170
817,14103,SerbianRadical,,11
818,14105,Vegetarian Werewolf,,198
819,14107,FrenchSoldier,,21
820,14108,CyrusTheGreat,,2
821,14109,PaxBritannica,,1
822,14113,folgt der Tod,,16
823,14116,Aodh Mor Macraynall,,11
824,14119,Vidar,,16
825,14122,?ϟϟ卐Hunteroid卐ϟϟ?,,26
826,14125,Tyler,,76
827,14127,Kam,,15
828,14130,Final Impact,,25
829,14131,Mork Hest,,4
830,14133,Werwolf,,1
831,14135,EasternCrow,,63
832,14136,NekromanticNord,,67
833,14139,southernIMwwg,,14
834,14140,SuburbanPride_14,Esoteric RACist,76
835,14141,oneirosvox,,2
836,14143,The Inquisitor,,4
837,14145,Mike_torbjorn,,10
838,14152,Minuteman,,3
839,14153,Katledici,,19
840,14156,Canadian Übermensch,,50
841,14158,Helenius,,5
842,14160,Bheothachadh,,12
843,14161,Vida,,154
844,14162,Wolfsschanze-ϟϟ,,37
845,14163,| Deo Vindice |,,25
846,14164,Tanrım,,86
847,14165,Rassenreinheit,,7
848,14167,Aryan Demi-god,,4
849,14169,muhan,,21
850,14170,cjlavan,,2
851,14172,StarkWhite,,3
852,14173,JewExposer3000,,76
853,14174,TheTyrant,,2
854,14177,Wop-Chop,,11
855,14178,Archangel,,28
856,14181,Lemmy,Total Fucking BITCH,472
857,14182,Nationalewehr,,1
858,14183,Dugder,,32
859,14186,RamblinRambo,Crybaby,15
860,14191,Goebs,,5
861,14194,Jared,,5
862,14197,White Warmonger,,10
863,14199,Suecorum Rex,,20
864,14201,Vex,,459
865,14202,Emma,,11
866,14204,4ntioch,,12
867,14210,Champe47,,5
868,14213,OffizierHashem,,12
869,14214,Pavel Vasily,,24
870,14216,Kampf,,6
871,14217,FashySpaniard,,2
872,14219,Varulv,Cuckoo,64
873,14221,white_north,,15
874,14224,iamneuromancer,,17
875,14228,Vonte,,3
876,14231,ManyEnemiesBringsMuchHonor,,1
877,14232,Kanadiankommando,,8
878,14233,wotanickommando,,10
879,14237,Владимир Петренков,,10
880,14238,Eternal Leaf,,250
881,14241,Schutzwaffle,,3
882,14244,Ahnenerbe_Militia_Officer,,23
883,14245,Maxx,,1
884,14246,INGSOC,,18
885,14248,Renae,,4
886,14255,King_Adramelech,,12
887,14258,Qvelvx,,9
888,14259,Malixan,,19
889,14260,EdelweißSS,,18
890,14265,Thomas Busse,,10
891,14268,Deimos,,608
892,14269,Andras Snakeboy,,5
893,14273,Severian,,20
894,14284,BillyRayJenkins,,5
895,14285,Hamaz,,7
896,14287,Apollocaust,,12
897,14291,Wehrwolf,,51
898,14294,TheReichStuff,,13
899,14297,Cromlech,,12
900,14298,Jacky of Hyperion,,12
901,14300,Kill The Poor,,781
902,14301,The Rouge American,,19
903,14304,Carolean,,99
904,14305,Ghetto Blaster,,64
905,14309,Orgoň,,162
906,14312,AryanUnderground,,28
907,14315,AvatarOfKalki,,17
908,14319,Estalia,,3
909,14322,axxiedark,,11
910,14325,GreyVanguard,,21
911,14327,MadDog,,5
912,14328,BasicBitch,,1
913,14329,NorvinHobbs14,,2
914,14335,WokeAnglo,,6
915,14336,Praetor,,51
916,14347,MCMXXI,,11
917,14349,WadeAWD,,3
918,14350,Anti-Anti-Antisemite,,108
919,14355,22goy,,2
920,14361,DrAtomic,,5
921,14376,antidemokrat,,25
922,14378,OvenEngineer,,2
923,14382,Tiwaz,,704
924,14385,The National Bolshevik,,12
925,14386,SpanishSturmfuhrer88,,2
926,14387,Tedium,,4
927,14397,D0ntc4r3,,4
928,14398,Berzas,,36
929,14399,Matthias,,61
930,14400,TexasVet,,10
931,14404,Virgil,,89
932,14405,American Logician,,17
933,14407,Cultor,,15
934,14409,Hund-Lehrer,,86
935,14410,fredis,,1
936,14415,Ezxanio,,5
937,14416,John Q. Public,,2
938,14417,Xarathustra,,12
939,14419,Stańczyk,,26
940,14424,Mister_Sheckel,,19
941,14427,Von Fiene,,13
942,14428,Jormvngandr,,2
943,14431,kalkijungend,,16
944,14432,GoldenAge,,37
945,14434,Bog,,222
946,14437,MemeticManifest,,48
947,14441,Sigurd79,,3
948,14442,NatSoc,,2
949,14443,BlackBay,,5
950,14444,xcamper88,,25
951,14445,Clark Kent,,39
952,14450,Cr4ck3r,,24
953,14452,Pádraig,,79
954,14465,AlexSS,,9
955,14469,Agim,,36
956,14470,AutisticsScreeching,,17
957,14472,Aussie_Patriot,,3
958,14480,Krai,,14
959,14482,Silvanus,,14
960,14484,Jordan.Jereb,5$ Value Meal Logistics Combo,72
961,14485,Hellenic Skeleton,,7
962,14486,WhiteTemplar,,12
963,14494,Folkwin,,122
964,14496,6millionmore,,2
965,14498,American Front NW,,4
966,14503,Marou,,15
967,14504,ZenTheMetalhead,,9
968,14512,SouthernFascism,,3
969,14513,Codru,,18
970,14515,Bobby Fascher,,59
971,14516,Dark Foreigner,,17
972,14517,djordje12pro,,2
973,14519,Ravo,,54
974,14520,aussie1,,18
975,14522,nmodzeh,,5
976,14526,Aquilae,,2
977,14527,John Nettles,,2
978,14529,One world one view,,7
979,14530,Coldsteel,,1
980,14534,ItalienischSS,,12
981,14539,Lietuvis,,12
982,14540,Devonant,,10
983,14542,Join my discord server,,318
984,14543,Florida Amerikaner,,2
985,14544,Thor`s Hammer,,7
986,14545,Stomanev,,8
987,14548,Kristallnacht,,17
988,14549,Vindexrising397,,8
989,14550,Beethoven PI,,34
990,14554,Gaelic Tribalist,,39
991,14561,R.B Cornwall,,2
992,14563,Jet_Fuel_Cant_Melt_Memes,,9
993,14564,Hellenic Nationalist,,151
994,14566,johnqpublic,,223
995,14568,Killinger,,72
996,14569,Eva,,36
997,14572,Yankee Patriarch,,145
998,14576,Tzeentch,,1
999,14578,Siff,,1
1000,14579,"Dead account, get out",,1
1001,14581,Peak Finance,,1
1002,14582,statuette,,15
1003,14584,VittorioGiurifiglio,,10
1004,14586,wagner,,7
1005,14599,ThatOneNationalSocialist,,10
1006,14602,DeathToTheLeft,,9
1007,14604,Toldi,,5
1008,14605,Volker,,24
1009,14607,Fashwave,,8
1010,14610,Lorgar,,25
1011,14617,Fwydy,,10
1012,14618,nosurrender,,16
1013,14625,Panzer IV H,,26
1014,14626,The_Corporatist,,21
1015,14627,Iron Lion,,22
1016,14637,SIEGE Vandal,,32
1017,14639,the fugitive,,6
1018,14648,Andre Augusto,,3
1019,14649,Noblewolf,,18
1020,14651,RustyRose,,55
1021,14655,Boretz,,18
1022,14656,Malak_Eye,,1
1023,14658,ozolsLV,,11
1024,14664,Fashy Scotsman,,4
1025,14665,Etain,,32
1026,14666,FidesFortis,,6
1027,14673,Rían,,8
1028,14686,Neoconfucius,,18
1029,14687,Clorox,,11
1030,14691,Greg99,,7
1031,14692,Brandy,,39
1032,14695,Muller,,8
1033,14700,Plazma,,9
1034,14702,Idealist,,36
1035,14709,Vril,,24
1036,14710,Air Marshal,,83
1037,14711,UaMaille,,4
1038,14718,quixote,,13
1039,14731,im3421,,9
1040,14741,Jimmyblueeyes,,2
1041,14743,Аутомат,,16
1042,14746,LARPing In The Woods,,23
1043,14747,Dom,,12
1044,14750,TeutonicFury,,14
1045,14751,Teufel,,14
1046,14755,Veidt,,3
1047,14760,Apoptosis,,4
1048,14761,Blondie,,2
1049,14768,Pitzer,,5
1050,14774,UniversalOrder,,6
1051,14777,Fahnen,,3
1052,14778,Spaghetti Fash,,12
1053,14784,Mack Albion,,10
1054,14786,14NS,,6
1055,14788,Shlomo,,6
1056,14789,Proudly White,,5
1057,14790,Abram,,3
1058,14791,jonh oliver,,11
1059,14794,Walloon Blackshirt,,4
1060,14796,Eoadle,,21
1061,14799,?????????,,8
1062,14801,NatSoc Veteran,,4
1063,14804,Sabre,,5
1064,14805,verynoicem8,,7
1065,14815,infinitehell,,5
1066,14818,Heilll,,3
1067,14820,Thuring,,5
1068,14822,Azov,,7
1069,14825,RightWingReactionary,,6
1070,14826,Johnny Rebel,,8
1071,14830,Terra,,9
1072,14831,HELP I HAVE NO SKIN,,3
1073,14836,Culb,,2
1074,14837,NaturalSelection,,3
1075,14841,Ozzy,,49
1076,14843,VeilOfMaya,,24
1077,14844,Schwarzesonne2017,,4
1078,14845,Black-Locus,,11
1079,14846,Generalísimo,,5
1080,14849,Cecil Nilus,,5
1081,14852,Veles,,5
1082,14853,Umnachtung,,1
1083,14855,Димитрий Солунский,,2
1084,14857,Caucasiansensation,,10
1085,14858,Aeth,,5
1086,14862,The-Chronic,,1
1087,14863,cataquilsavage,,9
1088,14865,VinnishSteelStorm,,5
1089,14870,Leon The Fascist,,4
1090,14871,Askesis,,3
1091,14873,Immolate,,3
1092,14874,Echo,,5
1093,14875,PoeticArturius,,7
1094,14877,RageEternal,,21
1095,14878,AussieRockwell,,6
1096,14879,Oktavia,,6
1097,14883,shawnruru,,29
1098,14890,Youth,,2
1099,14899,PuritySpiralLARPer,,5
1100,14903,DNS,,12
1101,14905,Sw1ftF0x,,5
1102,14910,reasilvia,,3
1103,14912,miki,,7
1104,14913,September,,8
1105,14914,djs05,,4
1106,14915,Emperor_Udan,,9
1107,14918,Valencian,,4
1108,14921,Hierophant,,5
1109,14923,Mithras,,9
1110,14926,cucc queen,,47
1111,14927,Batavian Fascist,,18
1112,14928,Nothing,,5
1113,14930,tylerdurden,,11
1114,14934,ThrowingHand,,24
1115,14937,Hate,,4
1116,14945,Kommandant Kohl,,5
1117,14947,DJDemitri,,10
1118,14949,Six Million Lies,,3
1119,14954,León,,5
1120,14955,Iron Kurt,,25
1121,14956,Velvolver,,5
1122,14957,Blitz,,7
1123,14958,Thorax,,3
1124,14959,H1GH70W3R,,9
1125,14962,swordoftruth19,,30
1126,14965,Obsidian Filter,,2
1127,14968,Nick 303,,2
1128,14970,Curmudgeon,,7
1129,14973,PetroFash,,3
1130,14983,Blake,,3
1131,14986,JohnnyVonAch,,5
1132,14987,Georg Revolt,,2
1133,14994,Vypr,,5
1134,14997,Sentrac,,4
1135,15000,Freiheitskampf,,6
1136,15001,Storm,,12
1137,15012,Александр Сиротник,,2
1138,15014,Erwin,,1
1139,15023,Pear,,4
1140,15024,Kameradschaft,,3
1141,15027,comrade1027,,6
1142,15033,Dr. Edge,,2
1143,15036,Punjabisoldier,,94
1144,15037,Curbstomp,,5
1145,15041,ironforgemaster,,6
1146,15045,BusterHymen,,2
1147,15050,Samus Aryan,,2
1148,15052,better dead than red,,4
1149,15054,JohnQPublicV2,,9
1150,15058,Rurikin788,,4
1151,15062,Coonhunt,,4
1152,15063,Doomstormer,,5
1153,15064,Widowmaker,,1
1154,15065,NewWorld,,5
1155,15072,Prometheus,,8
1156,15077,v8i8e,,1
1157,15080,Imperial,,10
1158,15083,FascismForever,,14
1159,15088,ReginaldSven,,7
1160,15090,HeilFreyja14,,11
1161,15092,The Tower,,2
1162,15112,MeNeFrego88,,5
1163,15115,Heinrich ABP,,1
1164,15120,Sonnenrad,,12
1165,15122,For-A-Better-World,,7
1166,15132,Doomslayer,,13
1167,15133,Gary Ross,,1
1168,15135,hercules8813,,6
1169,15145,Der Atomwaffe,,2
1170,15155,Ceannaire,,4
1171,15157,Hades,,8
1172,15158,Roki,,3
1173,15162,sjelborg,,1
1174,15163,Mycelium,,2
1175,15170,Timetravel33,,1
1176,15173,Arminius,,1
1177,15180,AcerolaCapsus,,5
1178,15184,Sacrifico,,1
1179,15189,Arthur Calwell,,4
1180,15192,Nuklear Storm Kommander,,2
1181,15193,erwache,,1
1182,15194,TheIronChancellor,,0
1183,15195,Pennywise the Chemist,,0
1184,15196,EmeraldSword,,0
1185,15197,Rudolph_Fash,,0
1186,15198,68white,,0
1187,15199,REICH MASTER,,0
1188,15200,Fang,,0
1189,15201,DoUEvenStephen,,1
1190,15202,Naz,,0
1191,15203,Adolf Archie,,0
1192,15204,squad,,0
1193,15205,George Rockwellian,,0
1194,15206,Il Ticinese,,0
1195,15207,MerchantHunter,,0
1196,15208,barbarian,,0
1197,15209,Camisa Verde,,0
1198,15210,SIEGE1488,,0
1199,15211,Radio Wehrwolf,,0
1200,15212,theacclaimednihilist1844,,0
1201,15213,Horhay,,0
1202,15214,Андрей Сиротник,,0
1203,15215,IronBear,,0
1204,15216,HEZBOLLAH_MIKA,,0
1205,15217,卐ＳＰ∆ＳＴＩＣ卐,,0
1206,15218,WhiteFerrari,,0
